date,CPI_総合,CPI_生鮮食品除く,CPI_食料エネルギー除く,GDP_デフレータ,CGPI_国内,CGPI_輸出,CGPI_輸入,CSPI
1990-01-01,105.28145589636746,105.14177007116668,102.96651572177981,103.25234271576672,105.46991203317846,97.45582471523781,104.76817808063797,105.97022391210926
1990-02-01,105.26376447702415,105.22851011871144,102.96722302014776,103.26225087950934,104.7738553993601,97.63748301289709,105.1607713827617,105.90576193739871
1990-03-01,105.34088480510407,105.3620065922692,103.00105583051644,103.13670536915357,105.52068813310609,97.91020389579388,105.66692272286964,105.91190038489245
1990-04-01,105.33907796452351,105.2598228174878,102.96775510618068,103.26725949924398,105.00571310589888,98.36472682186589,105.20122276557484,105.83259750852659
1990-05-01,105.37159618489078,105.30377445528671,102.92889802402382,103.25319013780366,105.54695644404958,97.86666702878131,105.07894946595304,105.9277667578532
1990-06-01,105.38693613447126,105.34885263800943,103.01618282841092,103.08332608391997,105.25287350192956,97.87521914146492,105.44859647434563,105.91349299449035
1990-07-01,105.39200495518206,105.35764279723875,102.94608840978402,103.28743876388296,105.07404770350173,97.59399581664574,104.28965193628068,105.93368319134566
1990-08-01,105.43757862146998,105.42440386842178,103.09282015823125,103.02678827426777,105.13819257087445,98.05835340612208,104.96711710056871,105.87104534081386
1990-09-01,105.38987485310605,105.25218536920218,102.92778162717637,103.34120940875604,105.32918167769785,98.0289175637024,105.10515414450592,105.9585326994342
1990-10-01,105.28703749440676,105.17111757264918,102.93799562860244,103.12153279238973,105.08667786894348,97.98620346335176,105.5905172983514,105.93904736454674
1990-11-01,105.26665096026878,105.23739652886898,103.0688143068861,103.3626429279841,105.34870838533843,97.79744683239142,104.47418457111606,105.90637237325302
1990-12-01,105.34398144852295,105.36905556578944,103.00838511072126,103.19848616932083,105.23313030751788,97.83539357422285,105.34429162819382,105.95784961024226
1991-01-01,104.97563016520203,104.8697587337535,102.63569261944644,102.93935307399087,104.93009516251499,97.84813601963282,104.52585373768855,105.60463274401641
1991-02-01,105.15546727447878,104.93716463545253,102.75521264528389,102.87968044036656,105.0534167908007,97.21174159178898,104.89676908242006,105.60949604196746
1991-03-01,105.02290807458692,104.98718036333328,102.6938267465258,103.02746426556,105.01352308673337,97.52275535523327,105.10165551644018,105.63396810294769
1991-04-01,104.87963301320514,104.9615053747266,102.73641911103945,102.69853219380467,104.87144831675606,97.69946048482426,104.54947477477691,105.65090166215256
1991-05-01,104.95340813206457,104.88469889141933,102.59859764992834,102.87844989634615,104.6658084036063,97.55972029677702,105.24235473673824,105.64162386486996
1991-06-01,105.01409787188993,104.92942828503635,102.64571046256566,102.80306791845936,104.86460667943263,97.32806005344653,104.44391033703242,105.73015163766746
1991-07-01,105.01935632807655,105.06221247888507,102.56341747512745,102.84048574087281,104.95481245609655,97.57580297955654,105.41900323569936,105.67177561484871
1991-08-01,104.95771255194772,104.96309098735412,102.784227433238,102.68482643062471,104.84974888733294,97.8023009398466,105.10541148592567,105.67617982561069
1991-09-01,104.86582629277419,104.86334935271285,102.68841239201596,102.87919715980034,104.8944486271854,97.45426502348913,104.85620942420209,105.58833398035283
1991-10-01,105.11138806842023,104.98197640487336,102.78333648659847,102.90335652967381,105.10972764895703,97.32394991316127,105.06862302055625,105.61589362427115
1991-11-01,104.902034507192,104.90455245837967,102.65799798521762,102.90774278927373,105.19410894868035,97.63104169916146,105.13719908119874,105.5419238965976
1991-12-01,105.02235985036098,105.056659401245,102.65126710487773,102.84121273001492,104.88666886786,97.58566162488358,105.17119978863418,105.66229144115033
1992-01-01,104.72365597038853,104.6362273851861,102.3078468412361,102.59040392181014,104.5967832186052,97.29637120263564,104.4157069622053,105.36339624339269
1992-02-01,104.6254976599611,104.57374638459869,102.36057358176672,102.5257891615519,104.64824685631864,97.27671774108843,104.56069936894198,105.43320048014641
1992-03-01,104.55957806402698,104.47865606143306,102.33758133105009,102.74058781728212,104.86284435615678,97.14578683028415,104.52367827048246,105.26449755069098
1992-04-01,104.49356089403203,104.71300723536126,102.3499747972249,102.62363279719551,104.79538388897338,96.87651393820195,104.36421926248147,105.26644691327532
1992-05-01,104.60964399870687,104.60336377895534,102.44985132329434,102.77520941754317,104.61230701452746,97.160162770894,104.10862261527618,105.30396415506135
1992-06-01,104.84944823994564,104.58705954250705,102.40167181490996,102.58784153204977,104.83555126834408,97.51885132125308,104.64772079005039,105.28610729221298
1992-07-01,104.7091092654966,104.51624607778871,102.3850235699737,102.54895845247782,104.56193287268201,97.38031735611789,103.94810304072178,105.21351214496246
1992-08-01,104.6211240221371,104.45012656353647,102.3088616414366,102.50718386452269,104.7604587613512,97.54704654619391,103.8429371692848,105.32967864883946
1992-09-01,104.92529352865638,104.49418637879913,102.37962323640592,102.50779126707069,104.58703041657778,97.28653984444044,105.11680637609699,105.16088860978294
1992-10-01,104.79549715504226,104.63176149526394,102.3577201594374,102.85365941735395,104.43707118520207,97.17896062297075,103.99346553839548,105.35058517616554
1992-11-01,104.91424167187763,104.60041509727378,102.29499450840774,102.69699990067849,104.44940988873428,97.28461450606208,104.45662415792863,105.33418309648914
1992-12-01,104.80485397376302,104.61218050244211,102.42915345593129,102.71556133038577,104.75208574319856,97.18940576470179,104.59154319862891,105.34819752399649
1993-01-01,104.29924412329032,104.16949847758976,102.05141594664218,102.43694951057817,104.54700444402667,96.67675253080711,103.70472090068812,105.02431206572187
1993-02-01,104.34585203521895,104.2219369713723,102.01472814871507,102.13696064532365,104.47097954558066,96.86014917175176,104.13657891352086,105.00942363505065
1993-03-01,104.42586768473596,104.28841477688901,102.06101242086987,102.34799088679208,104.25655009392275,97.49080829566165,104.1222538554151,105.02013096379983
1993-04-01,104.35907474495467,104.28671582036296,102.08948435142462,102.2512934171944,104.07205508080035,97.00491015919732,103.7548441506712,104.9592932558959
1993-05-01,104.29363844921696,104.2196326002128,101.98779396389514,102.18931738137802,104.36882968969819,97.00135267678704,103.89244995653257,105.01244537108371
1993-06-01,104.45205897645984,104.44755018461072,102.03696197620211,102.1811538796872,104.39827293736619,96.79787456726831,104.40306897715854,104.90121095263298
1993-07-01,104.55721718800687,104.45044618461101,102.11720739306705,102.29292462240525,104.1659046026901,97.26589926150702,104.05087534450463,105.018312977032
1993-08-01,104.4382134706791,104.27412060412675,102.00917043313562,102.0597535854287,104.18287098199934,97.00438133549135,103.91247478786258,105.0757731673854
1993-09-01,104.36020211375683,104.36968850834174,102.0312711156108,102.16798685313726,104.05209845739276,96.75357103997663,104.83478649316129,104.94178797946113
1993-10-01,104.44570237029798,104.34949320067646,102.05348442516889,102.22710273956068,103.9737550290772,97.1810031377514,104.1491615681031,104.95811768125738
1993-11-01,104.45789717398166,104.39232826208273,102.01140723662769,102.24538204420045,104.2205668079944,96.91537069176978,104.60464593175587,105.01813792709453
1993-12-01,104.29524005715545,104.19625499747096,102.02921501718367,102.41455678420957,104.34323582240013,96.9481407260326,104.27051895612136,104.88099680369112
1994-01-01,104.03522638563638,104.00724555927887,101.83385959378981,102.00139214612338,104.02127452306962,97.06230070394656,104.00705323751018,104.67722704978719
1994-02-01,104.2632059532969,104.08856402012437,101.7810096181245,102.06826356198479,103.58332351251156,96.94598710026737,103.72985444413962,104.70920651229135
1994-03-01,103.91463205357512,104.02983500572233,101.80360128467629,102.03157601500604,104.12092360134962,96.61463758386516,103.05417195283641,104.5948959995414
1994-04-01,104.08415612417383,103.87166217493838,101.6624641026705,102.10104050275841,103.97504875113756,96.89230276850577,104.16266354936062,104.68930242660778
1994-05-01,104.27019159626587,104.00483186953846,101.79752002624925,102.17872527621499,103.9092861493063,96.9240313533189,103.81820374977431,104.67660176884144
1994-06-01,104.07801386360786,103.97413754823516,101.79592750612245,101.81374836934876,103.83629991336318,96.7907694968816,103.91856799920478,104.63076335430463
1994-07-01,104.05032086488171,104.00978583071256,101.74407825455746,102.0257006179393,104.0103235645085,96.84279490768262,103.75635122271225,104.73435437788805
1994-08-01,104.1367932310125,104.0515090903041,101.73860629396066,101.76465136316199,103.98612056457878,96.56860401255335,103.52335842707951,104.67616848529526
1994-09-01,103.93887511129365,103.92221812266256,101.68919962346801,101.94368239708693,104.05367695016466,96.73705231941405,103.84342694387463,104.73406370418886
1994-10-01,104.18317381226439,103.9762049088738,101.75051211582652,102.1944194502181,103.6100099218029,96.78732794136867,103.65642769150915,104.62188313722274
1994-11-01,104.1463467343448,104.13057766710918,101.7134043515484,101.98467780924774,104.1955658979913,96.83991920918986,103.69967334420681,104.59820639059967
1994-12-01,103.99816190255311,103.8690803388,101.77239720008544,101.74451608456823,103.79469287109208,96.80024847698938,103.76532654626249,104.75544334470155
1995-01-01,103.86597801955418,103.62124405842168,101.4086547284999,101.62894047767466,103.55941006332354,96.58376706241283,103.32111028988926,104.29154824297879
1995-02-01,103.59651258487648,103.62765870723634,101.30667553704129,101.69532386737832,103.46322255141425,96.3831720546314,103.37864686474467,104.26959404839342
1995-03-01,103.63490104974599,103.82236496885385,101.46220768463775,101.7782411185299,103.37953456042446,96.44909411177376,103.54888368949415,104.35797487038778
1995-04-01,103.77963885717654,103.56909542232897,101.44740742732824,101.68127912939067,103.81108239124195,96.4610322334057,103.04759704455,104.33603538551385
1995-05-01,103.81215504669102,103.58809774237831,101.44956750668031,101.48867237642862,103.78768785564709,96.23494679904326,103.35866023238225,104.38499828418941
1995-06-01,103.88859902609069,103.7977309520031,101.3914133916614,101.76566654203343,103.59987471063523,96.13682594844329,103.3588677716179,104.3633012688024
1995-07-01,103.64715208508186,103.6430418446662,101.42699440691504,101.84721127954232,103.61598094968198,95.96054460441427,103.7349860913508,104.23597186273834
1995-08-01,103.78369025272801,103.63409342527525,101.43513041121683,101.62841282910718,103.67923843597482,96.56145350905774,103.56118587917624,104.34799838383002
1995-09-01,103.72498756520696,103.612808394283,101.39619867384589,101.62669782137922,103.5043660870343,96.40041558024299,103.12176413605323,104.33511097194754
1995-10-01,103.69128081969406,103.64149218950323,101.47133216462561,101.60772154671858,103.94493143473338,96.28506600808261,103.47091282102801,104.34505214257355
1995-11-01,104.01587778145667,103.86715613578701,101.51345010923876,101.669442874411,103.57968143130172,96.50872431330015,103.05617205373147,104.40840011040737
1995-12-01,103.7837469397392,103.74437955581426,101.34948869041227,101.70608648040573,103.75860355071947,96.6506603159607,103.78525643921657,104.40550531641554
1996-01-01,103.54052595611407,103.42010290417572,101.11527006976435,101.50274282075557,103.33483603940459,96.2424191798865,103.10629617037921,103.9494158767663
1996-02-01,103.37034819172666,103.28954094425298,101.13159934633127,101.4237116690363,103.39392071618893,95.82013485580211,103.05960125239291,103.99522293759811
1996-03-01,103.44586572124028,103.34454828231092,101.17125272509686,101.3295729250029,103.40464383107073,96.11477943315558,103.11296296280719,103.9940687319113
1996-04-01,103.4925571918486,103.41823447487117,101.09917629671948,101.33534498873833,103.47771135942823,96.22965008112048,102.79343392793734,103.98400565071589
1996-05-01,103.42309785488474,103.29978116889976,101.25785632834463,101.17721385226784,103.7004972792317,96.30171671312355,103.10072689625882,103.99604355961927
1996-06-01,103.43739242522093,103.31117300875357,101.13119515897256,101.2817822031166,103.04522902562736,96.23753658798891,103.21302612998635,104.04539572932615
1996-07-01,103.3739312057899,103.328138305518,101.05990493112252,101.23438302188568,103.0518643422516,96.32265879458357,102.94528787288178,104.04006367835723
1996-08-01,103.46889611493881,103.35085617107454,101.14709478397769,101.43893419962093,103.19117562527428,95.9649906508381,102.94833520733376,104.06125467817007
1996-09-01,103.45590603499211,103.45611374922872,101.1936771556181,101.28710482830662,103.46728291516294,96.28961530927278,103.37828601187991,103.84996764543561
1996-10-01,103.57828922227401,103.43556519702734,101.11693153381829,101.21229613684464,103.45175181939668,95.98781356781231,103.37713707300993,104.01440884032105
1996-11-01,103.39942513372797,103.33871214334121,101.17319474230695,101.12562488102135,103.15989719936638,95.87013442722348,102.97533412064217,104.02993816506303
1996-12-01,103.24472634533683,103.19895078386345,101.13651049788596,101.31756852790865,103.3104395627905,96.10849031924636,103.35878806011183,104.02674072523608
1997-01-01,100.01646627369132,99.88863853375717,97.88173743507025,98.18888552236174,99.90943556077839,93.10600693497551,99.90317584391961,100.6418337655046
1997-02-01,100.02464753412217,99.96587898032084,97.83340443067927,98.05255164816448,100.08743414188459,92.80416905160571,100.1762957358775,100.6403340067723
1997-03-01,100.04747395507283,99.93124397492427,97.82879511989559,98.15300592509014,99.84138212331514,93.06385697215572,99.93650094119526,100.5674534298483
1997-04-01,99.95447656515346,99.8733135529871,97.85617726197955,98.22035410973429,99.84957182062725,92.97111651291168,99.9129796305084,100.65662385364476
1997-05-01,100.16244974724032,99.99983277028268,97.78112277423243,98.1476364370258,100.0229894920488,93.25060249713239,99.7327076895334,100.64449030921266
1997-06-01,99.99281610225962,100.0213295027097,97.90653327023139,98.14345336445112,99.98423184986343,93.22232715018991,100.36109399395174,100.59457409641766
1997-07-01,100.04935454972292,99.82120298344581,97.91904706513851,98.27252993355422,100.05799813189353,92.89071444209665,99.23343751897858,100.68234842164702
1997-08-01,100.04476646000433,100.07450422500584,97.86772090228398,98.25469308878354,100.08581503071234,93.03780709538265,99.62797498204182,100.63205493545715
1997-09-01,100.2557489332491,99.9576865033345,97.78009363321792,98.20044695922448,99.76348190154128,92.97756121265735,100.0908197744657,100.60981851506155
1997-10-01,100.21275009695417,99.99629618933442,97.79542638172771,97.8795446462433,100.08660519390969,93.09972730346462,99.21300507885498,100.68684228105829
1997-11-01,100.25666094085261,100.04747047188076,97.8335133477473,98.05148503612284,100.00481876097595,92.67753882453114,100.42954695717685,100.68867959211501
1997-12-01,99.93689834934642,99.96462753224998,97.91147565351179,98.22157856680013,99.82688611203477,93.12269024857966,99.72460538070752,100.76626603323771
1998-01-01,99.98674882800633,99.8009049668418,97.68113799702346,97.69847292346398,99.51670494029219,92.37827568309207,99.76229014004858,100.35848248046464
1998-02-01,99.81849813582903,99.74938935721688,97.6175008098857,97.91599319946253,99.58947979123572,92.92438951800183,99.67409064734845,100.44260545521742
1998-03-01,99.94284421398811,99.7841063852932,97.68217979838741,97.83276837687835,100.03248503543531,92.5253958466966,99.56492664728036,100.43028157744915
1998-04-01,99.8462688867759,99.72382969569927,97.65646783798358,97.74332208070871,99.67071506760877,92.9465992382538,99.48780590686656,100.47217314672817
1998-05-01,99.8163963596271,99.76660984890327,97.57782365232761,97.80337119939084,99.89509847325787,93.01704240190156,99.52010838874878,100.42915848075822
1998-06-01,99.8522335301166,99.83447285291119,97.72537713839438,97.73378440069898,99.74695460623447,92.64611785287515,99.03116070088006,100.34707996709645
1998-07-01,99.77794686258193,99.71726287128261,97.52962511872471,97.79500451900125,99.91497323350723,92.96596126367129,100.50186116873905,100.44419415991864
1998-08-01,99.9378805103561,99.84545931389252,97.55725155702945,97.84993777842168,99.67971622524735,92.62556182001855,99.96221673043078,100.43965701772997
1998-09-01,99.80567124104985,99.74955934084687,97.66348695258816,97.94807782377897,99.50577412032887,92.96335890401859,99.90489093863955,100.42799953318122
1998-10-01,99.77268412580372,99.78638350520613,97.59522167091022,97.92889647646356,99.88727563116386,92.65760507159781,99.63102744860177,100.38065234982203
1998-11-01,99.83362056927464,99.79083793887769,97.6193643980084,97.82796297457178,99.88519792626394,92.67728915820238,99.51797995769823,100.38629983069552
1998-12-01,99.95293112865842,99.6957724938118,97.61683058228918,97.89467123132377,99.7114935357125,92.78442119575847,99.48502998949772,100.43864701824046
1999-01-01,99.66805978316737,99.5967249452583,97.33587877360634,97.77579609739041,99.45222966881529,92.99545346668829,99.69666249333306,100.15436682766858
1999-02-01,99.82065877244297,99.5184375725566,97.3405928610984,97.41046566132205,99.59413728690305,92.69442952256992,99.95115195479507,100.15751269708046
1999-03-01,99.6043308370651,99.51734210520328,97.4552180757832,97.59767980279508,99.61275334107323,92.68703965040179,98.87589983896137,100.1578532598407
1999-04-01,99.90018485454742,99.59542157100555,97.52400368000094,97.73707756312733,99.67508892005807,92.81440400102359,99.73137034743003,100.12405486454257
1999-05-01,99.6267043040385,99.52775957752483,97.41450581250777,97.58780184900925,99.40077240585194,92.7733559664005,99.58331816708353,100.16613068369895
1999-06-01,99.47702225337703,99.35333451787386,97.44298339838855,97.4798774638418,99.75241959643871,92.88225342604608,99.44877296078924,100.2156980299269
1999-07-01,99.61386704672867,99.4813306690606,97.4064439873629,97.78259827089349,99.57876210200881,92.5885356883248,99.47563180544776,100.17381976780993
1999-08-01,99.6369913524815,99.50258187503306,97.39087931580214,97.62175501328079,99.35334614064602,92.60662932762295,99.38937318456279,100.2280093293929
1999-09-01,99.63228964643243,99.40357466771977,97.42251001287232,97.57848529664776,99.55559633984257,92.59540116097195,99.33638907127771,100.2335250446887
1999-10-01,99.80991189336582,99.58127596027566,97.39333549412146,97.69833927322017,99.65998092170105,92.6157435591295,99.109844172529,100.34682899480549
1999-11-01,99.65383323811419,99.47630927445643,97.45808557400967,97.72077674852582,99.62429354182157,92.74917829876537,99.64767875965617,100.17166982848448
1999-12-01,99.79218326704125,99.70104158965788,97.40602290685302,97.57627424852318,99.59243150283541,92.85029404341556,99.29292565419733,100.17084418672235
2000-01-01,99.45608631580045,99.4383614818401,97.320419378038,97.26068821569925,99.4163120932334,92.34430571613986,99.53792289306487,99.93585336763017
2000-02-01,99.55123974671105,99.4130784798689,97.19224534971791,97.45785298298568,99.22930922114783,92.5486411082246,98.86662375892573,100.03406339348363
2000-03-01,99.56085629227121,99.18651800949522,97.10474100274953,97.37168398708432,99.439639467979,92.67137355882663,99.76515460050406,99.95484245378664
2000-04-01,99.47891563019925,99.36252530202472,97.25745834120485,97.55176505982212,99.25220203728537,92.58307219249346,98.87114522029897,99.99292138056082
2000-05-01,99.45711669844785,99.23791853793136,97.21226921438597,97.44934198746424,99.31762000075939,92.511311975574,99.39105468852702,100.04337430131494
2000-06-01,99.4301832375453,99.39079509556575,97.30621183431877,97.52568351652603,99.1161284561791,92.50368402679555,98.75122488227834,100.00522412140104
2000-07-01,99.61501905222238,99.49101982515657,97.18135276753395,97.40827455975236,99.27269581608323,92.4176395244881,99.58872266148103,100.02167630603425
2000-08-01,99.40152148923234,99.29452379330303,97.26081979731853,97.4649990743143,99.47602943778033,92.3230170821898,98.6455023656706,99.9556758890263
2000-09-01,99.44035126075634,99.28524081216189,97.20648812180355,97.36958898578852,99.37562573632928,92.299507961722,98.88245940478936,99.90646947566034
2000-10-01,99.46648860846159,99.1821558633363,97.26986020950703,97.45094281494913,99.29836940961312,92.29618357341215,98.53197154423465,99.94956072261108
2000-11-01,99.40504245577982,99.2945657406481,97.15126021408494,97.48540637624366,99.53815494997755,92.26614359141584,99.06968321813657,99.98582602211921
2000-12-01,99.40594046562155,99.29091272153879,97.22241054156105,97.41258136717012,99.39221612558161,92.52589114689363,99.75615160864399,99.99922022096636
2001-01-01,99.38690555078855,99.05710558905459,97.07445564155928,97.26749030900794,99.13287598384414,91.97889220316439,99.09376983726753,99.77785417322137
2001-02-01,99.09538578382617,99.29122304252941,96.95329504666326,97.24171582542269,98.751613609774,92.35674544581482,99.013244998723,99.79194465574959
2001-03-01,99.15215866433023,99.09904008469115,96.99443314385599,97.21954032069898,98.90753285604713,92.2933199262811,99.58254799561693,99.7341841679245
2001-04-01,99.19283092169127,99.22761248491958,97.05441471262021,97.34503326797186,99.15694789073878,92.35418456687044,98.87588172242113,99.8610779594395
2001-05-01,99.26165739126813,99.14123440398083,97.06690423382051,97.28884502766003,99.19184458688788,91.99532227474498,99.33593795246296,99.72516966536823
2001-06-01,99.23368084068686,99.25132521888574,97.0506918873228,97.31037783793772,98.77163720710391,92.36256997559619,99.13667367145355,99.82946338104998
2001-07-01,99.17045357900436,99.16090386028002,97.0545127684007,97.42953624842661,99.03293744348606,92.23293901832635,98.84346894410339,99.75505766614904
2001-08-01,99.21406447617433,98.99895028977167,96.9405630919926,97.31356113382867,99.22493217804117,92.56014881122746,98.72720704327902,99.79662827257076
2001-09-01,99.47283889149348,99.20321555375207,97.06586917153646,97.37985603034203,98.73147694911813,92.08156995501102,98.9737299922512,99.76134920176382
2001-10-01,99.32118189674054,99.20913204798053,97.03116098993053,97.26248938816397,99.19606552367354,92.16405440515923,99.18257522492895,99.80434525957695
2001-11-01,99.27106184057894,99.0143688839552,97.09617804149075,97.24823554001611,98.85843720392754,92.06979277506659,98.90371868424893,99.77495285523872
2001-12-01,99.38903609867276,99.12211022681636,96.88589808313456,97.20652252865936,99.20105978314572,92.40224396619699,99.44417057806628,99.85925541286397
2002-01-01,99.05456171084157,98.79539466092868,96.81161859691825,96.83310266120783,98.77791343361999,92.11254851336835,98.4849310710128,99.50222834502775
2002-02-01,99.03510941212988,98.9889730679132,96.79264042597336,97.00183630113237,98.76491345909035,91.97582443272725,98.94833913467076,99.50170519520978
2002-03-01,99.06673344406582,98.86491606444807,96.7818838599859,97.08865561825148,98.84242336708412,91.8145337420208,98.4189431451863,99.50986911114303
2002-04-01,99.1664037860807,98.90618014499643,96.75464104224258,97.00359172480971,98.71647625970716,91.81150882895844,98.83841055166332,99.6332628171775
2002-05-01,98.90664335634767,98.92005949315482,96.90246147401577,96.94931305895032,98.94500798152357,92.03398947114579,98.22431606922241,99.59421322787755
2002-06-01,98.9898259569981,99.0288111107098,96.82920715835508,97.0634290628392,99.08447736905957,92.3443028847174,98.42367135887558,99.56952533709507
2002-07-01,98.94900688666112,98.87581508251365,96.81260740320197,97.03702200940104,98.70196875744941,92.05955270409255,98.99658612646968,99.52691561911887
2002-08-01,98.97412091809049,98.90377650599356,96.87068720452963,96.94445756795432,98.73001172538245,91.9537647948837,99.20859751892523,99.6533367347797
2002-09-01,98.9784347107882,98.81226325352283,96.79071323245778,96.95779381171505,98.69792118067512,91.91896860705805,99.02513755141776,99.62218044680574
2002-10-01,99.10669169532315,99.0013188324985,96.72631727729922,96.8822199579448,98.96980604006423,91.91454451182649,99.15266901824509,99.60766078265559
2002-11-01,99.17628332801775,98.98715015591162,96.80674927909168,97.21129162918463,99.20719831640817,91.89118319418611,98.9793832596584,99.58281485571736
2002-12-01,98.95220688310651,98.9176466027915,96.74975828790228,96.9133947867114,99.06661709619003,92.10099404033413,98.77526685186798,99.62130455880609
2003-01-01,98.76208608928071,98.65057386691066,96.5757367658157,96.71633834548147,98.72693943472663,91.77954658338327,98.48184184009436,99.38455973060942
2003-02-01,98.73034412152202,98.78385377602432,96.5111078230809,96.85042712403586,98.60788781998396,91.54509433110171,98.04471483318984,99.39081764740347
2003-03-01,98.85172349435979,98.61844350476609,96.59020133673272,96.9530188321358,98.37193244888566,91.91713569123033,98.11334566054234,99.35079301379307
2003-04-01,98.82943293055575,98.83138647721438,96.57564135409281,96.61749100249119,98.57079595317971,91.758247088266,98.54770952581288,99.3115480875262
2003-05-01,98.78205963007093,98.66939763143687,96.6139378855712,96.91575786662666,98.61951428493198,91.91950131153405,98.6098898810292,99.36145202508911
2003-06-01,98.8918626212135,98.8333881957795,96.62392412673641,96.67958169442853,98.75150081701486,91.78702456544062,98.26351695473896,99.41586023722108
2003-07-01,98.83817233293888,98.74685569161369,96.64746149097402,97.02293738207375,98.91375816569251,91.97729971330205,98.47620555648527,99.4531695517889
2003-08-01,98.72254723578092,98.62187453164086,96.63346254737364,96.83238791179481,98.58484443109451,91.7839345800722,98.75302353005213,99.42563598808086
2003-09-01,98.95496585537722,98.60066910315284,96.6607387929351,96.95131831943397,98.75839443520105,91.70644537977526,98.15304932114812,99.41311270236525
2003-10-01,98.98063875468561,98.73101028855476,96.62826965172714,96.8732213567619,98.65330920303218,91.75786212704423,99.05001938207617,99.39086810600331
2003-11-01,98.87311634642658,98.59874128182905,96.60270566759655,96.94540527183774,98.85918331174796,91.88145818454242,98.70947889473693,99.38613203718548
2003-12-01,98.82842256676174,98.89007955357093,96.66658844410084,96.90567440531413,98.97230460107255,91.74395706091988,98.2000291868844,99.28025413981449
2004-01-01,98.51929562571216,98.57371770205924,96.45297383327306,96.75342732076106,98.40990438246672,91.99821290801779,98.05260688501825,99.25669678539407
2004-02-01,98.52295382284294,98.48833906050788,96.4801240226347,96.48772523841707,98.56221193163452,91.56645310717664,98.2630531645868,99.15566879194547
2004-03-01,98.67181107620273,98.66532446029446,96.3756984630692,96.71683539174633,98.4017889286403,91.32779348243785,98.8427296253412,99.20320076659226
2004-04-01,98.59860742845801,98.41573677685157,96.35386130659096,96.57664542041205,98.43618973021177,91.24170071769677,98.66042702337401,99.14712715278215
2004-05-01,98.5875448686137,98.51511051194977,96.38236047088891,96.65928102337261,98.51364659315671,91.56655808186169,97.93162942223428,99.1751789588379
2004-06-01,98.71271647107737,98.65848036000709,96.47203048265686,96.53368184926241,98.43509268691541,91.79597147640861,98.26597053655767,99.15063631371355
2004-07-01,98.50715379485207,98.32624640954536,96.30202017622756,96.56453030591116,98.55535063589004,91.64263625590362,98.62547521495418,99.14611681092491
2004-08-01,98.62733885656841,98.51004037680661,96.37473224194355,96.64529901916228,98.55164510466074,91.69793725460605,98.60382060044967,99.26659948564524
2004-09-01,98.62236893519918,98.59433495386499,96.32576142377796,96.63565299249508,98.3843267370421,91.49905535614187,98.36247460036194,99.09817761797896
2004-10-01,98.69284107794145,98.51086807496851,96.32831880975046,96.5760182788024,98.46448910727601,91.73015052966748,98.54547927363431,99.10780201382255
2004-11-01,98.73598677091505,98.39684234155695,96.39666364134696,96.4671457314444,98.63848437608745,91.57584383850048,98.19235640170129,99.08917731404937
2004-12-01,98.57369923719946,98.44733485723003,96.41494596564894,96.54588923036535,98.50726666845652,91.75313691068438,97.89588889088797,99.147844193137
2005-01-01,98.59822349175879,98.40103431886308,96.17181236652189,96.35191459510133,98.0394366061144,91.52525287822861,98.09714548646664,99.08092487204381
2005-02-01,98.3861323325025,98.19960378478694,96.23167792746969,96.39986798955911,98.28511383335548,91.51619901367863,97.84263101616116,98.92915337380643
2005-03-01,98.34259474264265,98.22549141835061,96.18797460498104,96.57471193869215,98.5893798866818,91.78376551428134,97.47388587402604,98.95649721934961
2005-04-01,98.32914595821174,98.29728687492427,96.1196768534049,96.33660951955082,98.31805769264092,91.38736617056723,97.80948892892309,98.98007287375181
2005-05-01,98.60864986742158,98.34161006812464,96.18037460633062,96.4471481325438,98.21076667758186,91.32815697106717,98.28329265742845,98.83700129915614
2005-06-01,98.32475387319043,98.46668633318752,96.15119201342813,96.15526848562112,98.08435910287494,90.8761674233178,98.00094643353769,98.96510694558471
2005-07-01,98.37468024734834,98.26959713673882,96.26288325020425,96.32943234502596,98.33444487448809,91.53158028311074,98.2819431285731,98.97402534139907
2005-08-01,98.30276573696128,98.24371864213018,96.13093945771719,96.35931830186142,98.093052120654,91.25152524010932,98.53536102940829,98.92045317853604
2005-09-01,98.33868543838942,98.259345326058,96.2234073651555,96.32572786447054,98.39265683541943,91.49735173043926,98.2294389014717,98.9844792367942
2005-10-01,98.60279055060893,98.35276638587625,96.20570158814168,96.47658540785285,98.47819138793204,91.14965565283912,97.7060274212721,98.81058188692549
2005-11-01,98.44406636480313,98.23229650508686,96.09538719609972,96.47187676300871,98.22500028262061,91.51894803804058,98.19605056431706,98.86674496143706
2005-12-01,98.26796228629924,98.13568768075879,96.16378838365608,96.45687645271626,98.23649316678973,91.62907876944996,98.52857703623425,98.95079179715336
2006-01-01,98.34278892599124,98.0603073208472,95.90460931005353,96.096379706388,97.96248116015467,91.32602213596817,98.21395676248453,98.74457898334505
2006-02-01,98.12522728099188,98.0947461816313,95.95162443802128,96.2386011100131,98.2422965461821,91.27679708830847,98.40483014517581,98.73376084629713
2006-03-01,98.07939093879763,97.97581320000617,96.0577230003672,96.25194402347233,98.15608269742472,91.04673326179929,97.65243828375817,98.71862080664752
2006-04-01,98.18096897519801,98.15885086407884,96.06375337679,96.20695558771521,97.9529670636788,91.00217666036814,97.91485296632638,98.7581843655593
2006-05-01,98.33046214284516,98.09793671567056,96.029012206382,96.24359824213678,97.926856079002,91.39920338714961,98.13977256306259,98.72038929253512
2006-06-01,98.0218338134962,98.10604058847818,95.98248848991983,96.11554611028367,98.10274638977005,91.64128324809046,97.67862941408433,98.6356899883028
2006-07-01,98.34893855357181,97.99459657161724,95.8870788327556,96.3345868124513,97.94479247719124,91.01686430572613,97.96416864201043,98.66715495375537
2006-08-01,97.91928917985793,98.08405095684236,96.00091539071543,96.42614510026078,98.10124770225413,91.26094927264691,97.7913239903641,98.881718610238
2006-09-01,98.09110595428686,98.05130267273556,95.92044118618239,96.03031092491582,97.9815007817328,91.19672669790077,97.6966012500857,98.70354209157767
2006-10-01,98.20090598307314,98.10370740684816,95.99723298762412,96.39556796752751,98.05056880639526,90.80063470974878,97.78004756993535,98.78100429682871
2006-11-01,98.22343170343154,98.10610720769058,95.90574700709551,96.14638206870002,98.14836051589137,91.3321499313426,97.69980894109607,98.75795539439049
2006-12-01,98.1904572978064,98.03938785431613,95.98555210550744,96.12927046200713,98.34475716184762,90.9196045936671,97.49328795300539,98.76799154014154
2007-01-01,100.0164791327287,99.37995593310815,95.84565601614499,95.99848414342462,101.14059371093387,91.28856391980132,102.86494846733957,98.53136566171727
2007-02-01,100.18199407657433,99.41255266407504,95.78323398126113,96.09206879219016,101.00241383008239,91.17620995266725,102.81987835411026,98.59031299614716
2007-03-01,100.05739687612933,99.47901411347358,95.86119508925444,96.05965772357293,101.29352966232884,91.18127777956595,103.17105345056352,98.55957329366866
2007-04-01,100.18799132220005,99.50968163970846,95.67458144950074,95.86788547176415,101.01674950954815,91.31406243146007,103.07457507033465,98.50894468121581
2007-05-01,100.05102263644952,99.30252256692914,95.84270511634723,95.99487549324192,100.96246068159623,91.230776856875,103.16573494197895,98.51439301206848
2007-06-01,99.97281882880212,99.26528790859318,95.75954706553176,96.09327044142739,101.01171406951634,91.20535288728269,103.23859360817877,98.57471925705981
2007-07-01,100.02341360875391,99.42041608150738,95.73668737073234,95.85999505874707,101.08371798881275,90.81191210749435,103.2745842137289,98.48583281482732
2007-08-01,99.86115044510159,99.37548619166104,95.76025662223401,96.02816550751406,100.94717350461111,90.96880033643606,103.06856889710674,98.48744390290261
2007-09-01,100.10677334428397,99.31095007382893,95.83475306194919,96.08831613658457,100.77090691401519,91.57697073084056,103.15024466035663,98.53554682211632
2007-10-01,100.10411141030305,99.49031378130921,95.77183972458283,96.0348375229579,101.03177654786847,90.93364003842638,103.02841797698193,98.51946756621278
2007-11-01,100.28958742815261,99.48045864081791,95.78018281208662,96.02178608206808,101.00144275161003,91.25766387534317,103.15874803417493,98.5008016801026
2007-12-01,99.97451900392119,99.51617463510868,95.7970089127257,96.10908483638003,101.12831290775458,90.68893456879351,103.24478957039713,98.49169450373192
2008-01-01,99.84604667078347,99.1365369531788,95.6040506098181,95.8479089431707,101.03792668444704,91.10328594365797,102.63989909035634,98.3190334264365
2008-02-01,99.78582546337692,99.2947612067532,95.60831212352927,95.83639144444527,100.91440723268083,90.78208860119446,102.50835298750695,98.25979113438672
2008-03-01,99.65343819743912,99.19479790390596,95.53268481499792,95.6729866435221,100.71119078519568,91.39057935902981,103.2408925945016,98.22948119264298
2008-04-01,99.80128331113397,99.17720005393154,95.58684872023947,95.81502665114205,100.88738577407837,90.58489555486022,102.27760331668767,98.34667426883674
2008-05-01,99.7909920037677,99.20152670188706,95.58366072584745,95.77071442596026,100.86460890459689,90.72522474885612,102.4956575579458,98.34854501484838
2008-06-01,99.8689282555148,99.21451729731663,95.51986825628715,95.78905417428605,100.79559858492281,90.82745243479077,102.36064412967427,98.29331378892161
2008-07-01,99.91755057306322,99.18740280011762,95.54273090836057,95.93479774135419,100.9457738013414,90.80039652094878,102.79879836293115,98.20175530777927
2008-08-01,100.02523891328732,99.2277214544274,95.59135512258746,95.91960754842476,100.81979009635704,91.0227977366158,102.96478765347432,98.31543158525157
2008-09-01,99.73588256396259,99.20118408216368,95.55411827334137,95.92553057899129,100.72948740211496,90.44959749840395,103.50612617341038,98.32682309590727
2008-10-01,99.79234360449833,99.38204021397348,95.57048408754453,96.02633188228918,100.8493513165678,90.55741936105844,102.54897570994493,98.41849983233854
2008-11-01,99.76838481942175,99.24655496418009,95.55701826942202,95.8724873990892,101.04246985848346,90.75526887952499,102.42838391179549,98.31569255889399
2008-12-01,99.91580870344417,99.2157068680572,95.64084125059567,95.88128424004245,101.0582805321194,91.18053582058909,102.80483254429345,98.38943159491103
2009-01-01,97.63333023304436,97.35083357898888,95.41399330167708,95.58789053246775,97.32316027020964,90.80539004476839,97.72770291063343,98.12565394425765
2009-02-01,97.50965014267872,97.46606158719902,95.34431052131114,95.57904704541512,97.38409742732965,90.56961710300371,96.84573717996876,98.04555819966116
2009-03-01,97.71677453889134,97.33766493733943,95.40523289925186,95.4335242792746,97.54891421368623,90.79490904924164,97.17719054536327,98.0528554611377
2009-04-01,97.75214193845223,97.38460163785385,95.27911844828502,95.45355461822733,97.45115559427856,90.61948293063044,97.35882860219056,98.09309322024973
2009-05-01,97.60866411099349,97.37343259435943,95.34139712153136,95.60764802610157,97.22806358210158,90.68247644497367,96.74932491033667,98.06671106748857
2009-06-01,97.47414003604877,97.52076313277476,95.32376379591415,95.55125195374717,97.44697203281537,90.6428855284504,97.27747387598451,98.13720711283186
2009-07-01,97.54413851163355,97.4686792264528,95.33517093691782,95.45038869692266,97.3082017384364,90.5274100041203,97.52695762879952,98.09856769947409
2009-08-01,97.4594126469573,97.50123430322371,95.3732072021755,95.50621235841017,97.35405562394719,90.92423413556281,97.34160285566315,98.12416790209042
2009-09-01,97.51821112484646,97.41563240957875,95.37925505345768,95.55335870991006,97.18944835690104,90.70073823487874,97.32224140345649,98.10002874485286
2009-10-01,97.65514653906232,97.50099760219226,95.39114121608992,95.74130532389542,97.48964927173348,91.00355151819333,96.96425945057236,98.111010932238
2009-11-01,97.7227468704043,97.35882824366755,95.45952321645937,95.5766980273517,97.2686058188401,90.48881883611784,98.12539335844754,98.11219574197074
2009-12-01,97.74343162599405,97.39554578899396,95.33818484993719,95.56041792754965,97.48485614760479,90.52675340621785,97.60665521755486,98.06375243992504
2010-01-01,97.22584064685503,97.28090087288629,95.19719349322925,95.39796822001121,97.11904336670997,90.62535931723595,97.01851721490347,97.83236818101099
2010-02-01,97.36444113436549,97.24398111974271,95.20277373562095,95.44775465683992,97.46129958769644,90.63685925506793,97.32307567899932,97.89314108163094
2010-03-01,97.30673288153903,97.31283164106048,95.19313354377047,95.27609167424924,97.37960509996564,90.94623082661893,96.98574810888164,97.98783042593004
2010-04-01,97.39016378739728,97.26641532242647,95.20034392367698,95.45901363475566,97.37888623101409,90.61577020090422,97.16598117551311,97.91465188166735
2010-05-01,97.11264578709927,97.19810688327368,95.2109531052739,95.46485763636562,97.34070290467811,90.29638577457492,97.27695467417263,97.87599430749972
2010-06-01,97.1714339285338,97.17170914614265,95.21534722409794,95.36316287155661,97.05336436992667,90.62652032101228,97.14094610637353,97.84605902399373
2010-07-01,97.35906078939956,97.24414717120521,95.2108103322715,95.64870663166279,97.00162805705573,90.42016707257292,97.27196167828903,97.87547396687806
2010-08-01,97.17420148720616,97.19797321487972,95.22598318544836,95.39558561144095,96.81440303703134,90.41849704280429,97.1231560668248,97.90100478723444
2010-09-01,97.22939276167811,97.29209724630226,95.07768944954074,95.35121558430787,97.03511459588714,90.54031272318367,96.91646823751968,97.89878279291177
2010-10-01,97.36667578006379,97.16650872162411,95.14231740514262,95.34594906450816,97.0305759614709,90.1717898881918,97.05293345359915,97.92337421344499
2010-11-01,97.1085900816264,97.22556871080695,95.10307052994379,95.30735098744172,97.43308167360681,90.53767985170025,97.02790989728568,97.89774592115388
2010-12-01,97.43637295323758,97.29245612703632,95.1284270537398,95.30075176770939,97.15341755908652,90.64756334781676,96.86176443942145,97.91353044481792
2011-01-01,97.06926502758606,96.98911819069761,94.92746931029873,94.96740497798774,96.83144301182844,90.15233188869722,96.99939062205478,97.75442597092079
2011-02-01,97.16046642870523,97.0540774462274,94.95033558988989,95.10418827363821,96.94520862600609,90.0499954586078,96.97264379475669,97.61619361612016
2011-03-01,97.06681373552141,97.15148011259427,95.03060631203914,95.17392887541266,96.93734027492795,90.20080472327511,96.95337046374158,97.64939305951691
2011-04-01,97.0943049134987,96.95463046561072,94.96410295493104,95.28789237120584,96.72798576624305,90.6813497208095,96.35153875747477,97.68114124741098
2011-05-01,97.22204234927031,96.94031132137096,94.97184391537296,95.26789275057929,97.20814545630164,90.41427200968681,97.06796960990039,97.67963499213582
2011-06-01,97.04583214804148,97.00585526046702,95.01323857851868,95.14369484797784,97.01807287033874,90.22389156880118,96.60959989610058,97.61672354672605
2011-07-01,97.31943909154298,96.89194979222334,94.94780757148503,94.94668334556114,97.20973203946936,90.01433668652852,97.25784702663826,97.72902379489477
2011-08-01,97.27500819870838,97.0441964960297,94.91472834594062,95.1900019190241,97.0835558913181,90.36325454168802,97.50708909329066,97.75336485173331
2011-09-01,97.04702988698756,97.04671063070633,95.00049851910029,95.16758593984459,96.88812687633498,90.14344449550565,96.77303607702869,97.64834660802858
2011-10-01,97.16309358596257,97.06997736566687,95.00794853346443,95.2422759485945,96.95322165379412,90.44977043411505,96.55782683131523,97.59527630106655
2011-11-01,97.16394778483792,96.97060713445038,94.93547040828129,94.97846405968326,96.52153853157499,90.30024311674846,96.9084396307668,97.71384216759819
2011-12-01,97.11628234534427,97.08866136158404,94.84182937032088,95.13460308590433,96.71758369644787,90.13662251881463,96.59818780086609,97.66371647031666
2012-01-01,96.73082105250802,96.81061519778257,94.77009671598688,94.94571110470324,96.84802045700197,90.09650090326056,96.51020211082569,97.51586995320373
2012-02-01,96.80750727432283,96.9767946176617,94.79086912390592,94.856263324274,96.6819556035101,89.86856654761598,96.44706694895928,97.40441654092376
2012-03-01,97.01059420221779,96.88699554535293,94.79359319679298,95.1312489768449,96.74634969766852,90.08468518444924,96.60416105622986,97.47403052168411
2012-04-01,96.84223122875723,96.88028472238368,94.66833565500814,95.05011252122159,96.80980302355593,90.49774726710163,96.57078897455655,97.4401565756578
2012-05-01,97.01738840199519,96.72562220900734,94.6457706933844,95.11606269377756,96.84160843077244,89.87657661834454,96.11381325898768,97.47563033641948
2012-06-01,96.88320364882318,96.84065894200154,94.71658684669565,94.94962092350976,96.85175132605667,89.88110653390099,96.819255413286,97.45556059553633
2012-07-01,96.88731731961798,96.82197366666912,94.68895090920701,94.98471499952738,96.74218268084552,90.17835848699391,96.43905761510074,97.60912894603419
2012-08-01,96.94650140656339,96.67959292039477,94.68809660802184,95.00090285702139,96.54547729139274,90.27537591684637,96.47068159587123,97.4904203454543
2012-09-01,97.10102268968758,96.95055536278177,94.80834548515104,94.97768246441746,97.0403253848216,89.8610680530777,96.82273445308716,97.41904113272514
2012-10-01,97.05327096676257,96.88586876134782,94.83402374021584,94.98236789055153,96.70018413888954,89.98740067448452,96.31790299706283,97.4907058909109
2012-11-01,96.90720657329919,96.82610932651157,94.75208117483534,94.85647924429857,96.69867328489555,90.28398384490887,96.54222326358003,97.48577374353785
2012-12-01,96.89102442274306,96.82657666661925,94.73556328519861,95.07488172689841,96.86651933388102,90.6259737205624,96.67637373192697,97.4312703799358
2013-01-01,96.77172616282385,96.89397054396548,94.79184318253829,95.30830264279031,96.81626479596433,90.17196741656818,96.49061069177944,97.51282400530971
2013-02-01,96.86307609498891,96.82340240077455,94.73548167607747,95.12093468715844,96.86857305706368,90.26699568884686,96.69984988186012,97.43993707676368
2013-03-01,97.07507445696292,96.80352994156493,94.75932227208801,94.99365948983109,96.95268663995749,89.79429315215324,96.7866918818772,97.4858898378171
2013-04-01,96.8405330363214,97.00587368399306,94.72214067935076,94.98054410195255,96.85682009329311,89.85476124770479,97.396383287438,97.41345499607506
2013-05-01,96.74009606654322,96.84739987874333,94.76588494347652,94.9842568782963,96.80014861696323,89.64816043742493,96.94760056237838,97.42478741636889
2013-06-01,96.95565931112716,96.83283647932879,94.76658432190096,95.00871631206763,96.97582389911673,89.81136563814893,96.79771162980015,97.37420114982255
2013-07-01,96.97526011395632,96.79522980714081,94.75894963164045,95.09656783853238,96.9236373393878,90.12140234506148,96.71032452978581,97.43876495498743
2013-08-01,97.09114099210312,96.72632408126998,94.7806033222923,94.86012131668608,96.95395765286341,89.8788551878819,96.46052850897729,97.41100109446667
2013-09-01,97.02520228748511,96.75974401327453,94.78552360292646,94.92904167223729,96.90419699193663,90.47356257200083,96.36357706564907,97.48690468714364
2013-10-01,96.95554594306725,96.93072785297032,94.68013081748991,95.04665837914807,96.89849199910611,90.35562945216978,96.24165075070563,97.42226250537286
2013-11-01,96.87401010289013,96.79348818239085,94.7751339983751,95.172279096678,96.51876087080073,90.34184516572543,97.12695217305335,97.49032427574406
2013-12-01,96.9003317567195,96.74284137925586,94.73129197739797,94.91847079450295,96.75940465979888,89.68357396913473,96.74938816843897,97.43512739443851
2014-01-01,95.87021507345868,96.24466472399718,95.51103614401045,95.77892343648125,95.54298446290733,91.62596322804131,94.10361501804071,98.08695488497222
2014-02-01,95.95079703110507,96.33828204388443,95.63858980976235,95.84763544204897,95.16218110102338,91.41984344924093,94.54573009242232,98.20150648888874
2014-03-01,95.62111764488803,96.40493210566741,95.54768417156085,95.93712411462857,94.99161798995806,91.67203472687451,93.68002650511006,98.168284251527
2014-04-01,95.81376056876711,96.35245970246575,95.60174156805728,95.98474361558038,95.2328788334802,91.93376311618483,94.37959713401318,98.15768485464113
2014-05-01,96.018347075468,96.3348488117249,95.61562383762048,95.90073261568463,95.38674480679691,91.75683813047218,93.85517662391125,98.29204584822222
2014-06-01,95.81967632255076,96.1648724572226,95.58386799409203,95.92764388263295,95.36535312217627,91.32852512269359,94.13968595111663,98.20024129225561
2014-07-01,95.96821716172566,96.23194611647105,95.64357464587992,95.98048913851035,95.35787803972694,91.78262470402613,94.37237227057014,98.28923904756529
2014-08-01,95.86048631003035,96.25073952808313,95.53099299934627,95.78147654011846,94.98041810851524,91.4117334624207,93.51010867092846,98.2143257015652
2014-09-01,95.80766155955345,96.32863566831642,95.58728358762222,96.0728268401094,95.25172098415982,91.50981655326986,94.29329994629063,98.21551762105142
2014-10-01,95.91271355505695,96.30734161759119,95.59771782109449,95.90837239792103,94.98584461721994,91.69826933350443,93.72102825658834,98.18429015499078
2014-11-01,95.91246330617831,96.16262316542013,95.53177376077497,95.83794053820775,95.29916872601507,91.48987170510597,93.9879990722574,98.13970693780671
2014-12-01,95.73736365797949,96.33480178400245,95.62970558262532,96.02069550030315,95.2828437869003,91.84833746490322,93.6730647043016,98.16753803171252
2015-01-01,96.50873672919813,96.69888718814109,96.42285194326242,96.6033906919694,95.64274615562432,93.16961786107038,94.48171627727008,98.93635228686489
2015-02-01,96.39299412481978,96.86572426465678,96.44586109636376,96.86875914209456,95.86554035037163,92.81855528813362,94.06586430471944,98.92916997271988
2015-03-01,96.4000579108869,96.77015738873114,96.4784977689618,96.90945487533664,95.77041888824674,92.82293710144336,94.59143543016482,98.87557673219163
2015-04-01,96.44456300072214,96.80684756579302,96.40939012328236,96.85559258140275,95.63764472515015,92.98029413689794,94.97545657415525,98.84905252418523
2015-05-01,96.28119632900078,96.8272223600208,96.34912470912978,96.81636857564432,95.52702285511467,92.85637609368658,94.20922152606815,98.9663643304951
2015-06-01,96.57488091005865,96.96245564902709,96.4327038320536,96.7857913462193,95.74812118880612,92.90326504086762,94.65445533548363,98.98139862645064
2015-07-01,96.5671115515162,96.96541189153656,96.42290437897513,96.70718077721477,95.90246915934706,92.875285162386,94.71384650844684,98.92246719131104
2015-08-01,96.36340058687102,96.88498625531038,96.39934278687534,96.86315356387826,95.84411210828408,93.45322590618089,94.47364330123766,98.94881500075621
2015-09-01,96.53069125565409,96.9182729510658,96.51826759735224,96.83091879458996,95.85173118502858,92.99705083636577,94.69901564500415,98.97331258213492
2015-10-01,96.54762808127653,96.97219897923677,96.38034689239205,96.99016725283415,95.74423421966026,92.78936072032525,94.42143426917437,98.92800262708246
2015-11-01,96.42084584649055,96.83519239405918,96.33289165532388,96.96063718699259,95.63940412788543,93.241639208768,94.32511024609734,99.01385765223303
2015-12-01,96.27501235980014,96.7919666273012,96.41327909425029,96.79107863760557,95.74616816780994,92.77647135651095,95.02036073081375,99.00462251000222
2016-01-01,98.66557823831337,98.37470962317886,97.2414615894295,97.77378706001117,98.28846536071117,94.76507516068925,97.7738397093072,99.70945340988771
2016-02-01,98.60311083726013,98.52457120971512,97.19360423541889,97.83386009347038,98.15975957391291,94.78777207175766,98.52107286942953,99.68531447793045
2016-03-01,98.5798031999021,98.49721552788444,97.30441138309257,97.74432806961303,98.38435690324913,94.13305642224964,97.91404229604717,99.6023796488456
2016-04-01,98.4997744087938,98.46614658518037,97.23283896507711,97.81029390407157,98.200775943127,94.54515543750387,98.61435940953301,99.65080125732793
2016-05-01,98.4338666336165,98.38030215411322,97.20410809621163,97.75299386556298,98.72103078006846,94.66936551091865,98.25260179043265,99.67851832709293
2016-06-01,98.56719274506156,98.43264668125137,97.25234080111915,97.67703590401848,98.31186110320478,94.78101439931741,98.0675133975599,99.71033385320519
2016-07-01,98.59618688882567,98.47179210161656,97.25984080465307,97.55285617391756,98.44471111693028,94.6832487767042,98.25136776097598,99.71206089507785
2016-08-01,98.70211192311427,98.40738550443929,97.16922433123865,97.94067887432706,98.24513696872252,94.54734120636428,98.226785043709,99.65685410100879
2016-09-01,98.41311090172829,98.41290171319649,97.16744655877545,97.75662688922667,98.56485983489436,94.56138461407487,98.21562547620975,99.60526538424767
2016-10-01,98.596795532644,98.37449765956006,97.09032716850649,97.8382416836913,98.63726046911113,94.37337096381695,98.4913035533915,99.72664961271961
2016-11-01,98.6625073595451,98.33541320374036,97.22549004602017,97.83118279177418,98.29003360129957,94.30155937837988,98.39595874797598,99.67526215346257
2016-12-01,98.54601136916105,98.32660097229393,97.33080184485297,97.78207569778685,98.17730603399818,94.6229893611993,98.65190128423363,99.69616985087568
2017-01-01,99.0608126043955,98.97669618077862,98.20448168921946,98.91420600361394,99.10198257713965,96.04703300051315,98.88120619953635,100.4502296244247
2017-02-01,99.04475058237263,98.9743637361833,97.97499671562306,98.69294177399784,98.88293944822031,96.06324872713758,98.33344472073209,100.49668252545321
2017-03-01,99.093533716438,98.81774878078046,98.08300483270621,98.66663732742236,98.80114683216148,96.13795387462677,98.86152498032958,100.44444742223548
2017-04-01,98.94559946205176,98.90589873911168,98.07933630968763,98.65862359405139,98.95334258422979,95.97390227506777,98.68057093902752,100.3802798498896
2017-05-01,99.09748865440679,98.91917136403097,98.05607046635627,98.71094215030001,98.91997495976509,95.70594059242065,98.74442291874135,100.43183681583874
2017-06-01,98.94628783286645,98.92992064932102,98.04601073347582,98.50369806586508,98.76708286849019,95.73334408826005,98.7995679814515,100.44811355040075
2017-07-01,99.02202843941157,98.89420194077134,98.00633047398254,98.64700352289427,98.75250037998143,95.81330355890053,98.35668226382123,100.3956882140572
2017-08-01,98.9780901796436,98.84917243267847,98.04431926309304,98.47290481120218,98.84958413989008,95.79774830471472,98.60989469851951,100.40370931758656
2017-09-01,99.09786021241241,98.94000265440604,98.06992490807977,98.52575978702333,99.06388914833516,96.11099788904498,98.23451035056013,100.50162000011538
2017-10-01,99.00165128688504,98.79877347025673,98.01324965293587,98.6298831369827,99.05020661625723,96.23417635951499,98.43868592965785,100.41854440282592
2017-11-01,98.84672976634397,98.82279310073162,98.14249073201658,98.77819647281477,98.77786565414286,95.74042499556718,99.04018324830672,100.45105523460343
2017-12-01,98.85963970136484,98.91059564811307,98.03315479654168,98.68051933394558,98.95814558630184,96.2454145957223,98.60548773346964,100.52687970234781
2018-01-01,99.52846091701775,99.34804472297316,98.84098595458161,99.65804734909666,99.38987928749164,97.0853302468226,99.53872108740062,101.23891617295999
2018-02-01,99.60922782785086,99.4321097849109,98.8114331268435,99.59943766618534,99.3539149607919,97.12331262698085,98.960776803018,101.18430320866018
2018-03-01,99.42336733791998,99.31155553172121,98.91851359738105,99.6046685422471,99.24802488692275,97.43948455445636,99.06407608263325,101.12933497937019
2018-04-01,99.40805872670525,99.54025348412398,98.881891664389,99.53977796116132,99.76443212752892,97.49482078042563,99.19773830098505,101.07887451868227
2018-05-01,99.62656311345468,99.38922162907583,98.8712480607149,99.55738960008772,99.65680464655378,97.74225410755601,99.43408084252677,101.11028920025316
2018-06-01,99.62743794806472,99.54627635201007,98.83998233954867,99.6864872002786,99.53990295279176,97.25927704171237,98.64276924710286,101.16773669304371
2018-07-01,99.55282388227897,99.50293241749618,98.80126963188603,99.46115919313763,99.24251259908414,97.39423611426503,99.19398495519673,101.09510653786089
2018-08-01,99.50597274300466,99.50718773634284,98.86821993142928,99.68148289558769,99.54611796121567,97.24206965577874,99.26178601742957,101.26390282493807
2018-09-01,99.51420856486318,99.36299782508641,98.95287480573461,99.57701066228873,99.53468219677222,97.46173823611267,99.17806521983971,101.23981816219163
2018-10-01,99.5005883955107,99.44896011292387,98.80736003057406,99.559450779959,99.61590093149542,97.1883816776814,98.84913401705315,101.12713833767337
2018-11-01,99.6258740082241,99.43109863397831,98.93726501094449,99.80830309331293,99.36556434494099,97.90694907686014,99.33465692478413,101.16464271526348
2018-12-01,99.3607842943574,99.50629464865817,98.90472617249651,99.54445418097673,99.4883133861539,97.51595076693084,99.86142984220578,101.23384483523749
2019-01-01,100.10964991474142,99.96863369351074,99.6421115334885,100.5270639406582,99.97051783457931,98.68159370537731,99.41944785810016,102.05609800555028
2019-02-01,100.22225638552133,99.99259696938208,99.67910316874422,100.52451527724267,99.70429747014882,98.8087618031358,99.99607875206719,102.0341089520612
2019-03-01,100.02214500742264,100.00135161922938,99.68063803134508,100.6254112482482,100.0163984882616,98.80512397840111,100.15061742293814,101.94297763279172
2019-04-01,99.88980743921636,99.90013063937384,99.70190564175377,100.78123544933271,99.91158998624168,98.86098867049718,100.03849793979465,101.86384790475869
2019-05-01,100.05514813310461,100.06662490635725,99.71141293876447,100.66953882077871,99.94310125695904,99.02545362293533,99.74303754449672,101.91207298351192
2019-06-01,99.95103203708231,99.85482807065993,99.79713995351655,100.5275698256614,99.98547801711042,98.65711505575347,99.2929124028958,101.96459950647885
2019-07-01,100.20359494036137,100.02997789147052,99.6551207461456,100.46274284053179,99.98923521778978,99.15689114400932,99.63969635550393,101.98399819801647
2019-08-01,100.17994614671552,100.03879648412904,99.63486376770082,100.55391012317563,100.29116411300794,99.10092813827289,100.07094687437312,101.8861363948095
2019-09-01,100.1678966827628,99.93491643818123,99.68549258266101,100.63036336799993,100.23311236277294,98.88500749999778,99.68412500923307,101.95559916710235
2019-10-01,99.98118203325068,99.92728009924805,99.7388572464627,100.514022595023,100.00036411082003,98.78982742831309,100.13111666841348,101.91579541325456
2019-11-01,100.20924298863764,99.97187109880245,99.6623024779633,100.49342135964298,100.0237746452409,98.63769954493297,99.91408859886783,101.89794117273843
2019-12-01,99.94927050205379,99.94333298500577,99.73007216286074,100.46360149121843,100.08442779666724,99.31114903377853,99.9543943614694,102.04113406114605
2020-01-01,100.0,100.0,100.0,100.0,100.0,100.0,100.0,100.0
2020-02-01,100.02277419874682,99.88602571535402,99.97691462893343,99.87779053727552,100.05314726106778,99.93953987790158,99.87411723870063,99.94580626593869
2020-03-01,100.03425697446058,99.92312400086722,100.01442630935287,100.10992036747497,100.0551607010421,100.00690472960744,100.03778859620782,100.03764567922184
2020-04-01,100.0877999307118,100.00878705443522,100.01199761564273,99.90044787315959,100.25731806875602,99.80528368422124,100.40132564843974,99.96778460339169
2020-05-01,100.03230471180397,99.94673397277832,99.95744853779578,99.76161657786164,100.15013441061527,99.92534826461757,100.21302303063717,100.03003258700105
2020-06-01,99.98476359383389,100.04460895130597,99.99841999511415,99.83245329305771,100.05911887216593,99.89801862726881,100.26739336778066,99.89226877301832
2020-07-01,99.9455921650209,100.03378731618169,100.05990020940754,100.0292189388978,99.97007839525988,99.67757136466503,100.0960659126652,99.97343359939073
2020-08-01,100.03973684406479,100.03313726374256,100.05375628182212,99.9220875354167,100.03449733072625,99.92266818589964,100.25817639494525,99.98367277275734
2020-09-01,100.12627237686664,99.93286617510837,100.09320785506183,100.00657378211237,100.25527684386601,99.65195459825772,99.84501381480403,100.0495816757557
2020-10-01,100.03500177440165,99.87668596954275,99.99084581693809,99.86703706148471,99.99147514989369,99.94768009274776,99.44195082776196,99.99327770842243
2020-11-01,100.17693288811796,99.98229723232718,99.97651294033835,99.89382609627623,99.90809273575717,99.39727424947968,99.29608680336027,100.0045071391825
2020-12-01,100.12818782982424,99.96226251702355,100.08477213514142,100.01845582020341,99.72393409611358,99.9599014112139,99.61230183250545,99.97559543771001
2021-01-01,100.39172471541448,100.33495211342508,100.41970560867479,101.67761133701573,100.09151359759585,100.64784979788107,99.84608493033119,101.49144983494875
2021-02-01,100.35558647238463,100.26078154025673,100.58649050829749,101.42308906552071,100.57067202083235,101.15575215130946,99.51625998171764,101.57417092375769
2021-03-01,100.36081445687104,100.20905760788168,100.50399212715537,101.52332942759037,100.40235179519459,101.2270338231779,99.97618230667706,101.50565639017213
2021-04-01,100.29812288055734,100.13571820691737,100.50003014615999,101.50448677605084,100.1409519498375,100.84193609345233,99.85019479894179,101.44557769191351
2021-05-01,100.19829638100953,100.20540249801182,100.52322245148575,101.79847643532484,99.96665180751594,100.76184942076503,100.18885283758627,101.47293578585999
2021-06-01,100.22429737537021,100.3712473270451,100.53534741876832,101.5725434689519,100.22061360689311,100.93073370955983,99.96788644763294,101.55454106516109
2021-07-01,100.32788876133209,100.21822133189566,100.45449332829888,101.63930604072475,100.13582625935871,101.20200394058152,99.95737757818115,101.42709306644406
2021-08-01,100.10910650733014,100.18426609056226,100.4759015327552,101.62534606635406,100.12058941450952,100.71592748851528,99.74083484669993,101.51982554645392
2021-09-01,100.34834604995623,100.1584535134431,100.492377297247,101.43215321691692,100.13243341478211,101.28937131899502,100.04881259952501,101.51697534106616
2021-10-01,100.47439787587165,100.19178368397421,100.57820306284928,101.49905443242695,100.0312076388905,101.02625122730046,99.9087608842564,101.58004158062039
2021-11-01,100.26635167667992,100.1499419210387,100.59069168985772,101.7587228405948,100.2830273077661,100.74697348661283,100.5703291049719,101.51493189256963
2021-12-01,100.2480681136245,100.15912083348675,100.46572898072293,101.45090856871239,100.33270104505641,101.10270867959335,100.15589497039252,101.53805270998181
2022-01-01,102.97468441011648,102.50556855673196,101.85862630419584,103.04998674729042,104.00446893946578,105.80088222363611,106.32190011534213,103.98759320743167
2022-02-01,103.248634489798,102.88366908306924,102.23847796790982,103.48629093338953,104.45237104755559,106.5035461646783,107.13605544605689,104.33863801209928
2022-03-01,103.56905419249416,103.20727699373144,102.5512642257564,103.95346822008973,104.55346618551908,106.5432130260022,107.18514845977663,104.54902939228833
2022-04-01,103.96165286286944,103.65898064065611,102.84709170155371,104.15866577141637,104.85944150959267,107.27958875795525,107.43481275959175,104.7820504080281
2022-05-01,104.2379183293034,103.78786662568515,103.17325405943517,104.22614062108484,105.14541604425457,107.07408339698858,107.53854298245697,105.27391867951059
2022-06-01,104.65691499679559,104.23383144175993,103.43261101512935,104.76212132519376,105.56646044857152,107.512320249022,107.8867324036147,105.51424161354726
2022-07-01,104.91133441364231,104.52942074067897,103.78823741882515,105.15577974511281,105.78275418199019,107.9859364203816,108.388933297849,105.83010930778454
2022-08-01,105.40777096983598,104.68280044774711,104.11564937826492,105.26414427901088,106.13240859397202,107.9208437332702,108.35086237976085,106.03589120078367
2022-09-01,105.56003166837252,105.16356943285005,104.3774878856972,105.58630952566969,106.39604138756388,108.05545698541181,108.33126724338207,106.42089896010314
2022-10-01,106.10207604578375,105.44247999824543,104.71647414262084,105.90523811336072,106.81673557383576,108.97845732892917,108.98500575399773,106.79262585617325
2022-11-01,106.11818172176213,105.78409735282168,105.0314444060356,106.06142930746034,106.78404258776106,108.9227874859707,109.42986443066232,107.1124948229987
2022-12-01,106.60606953192877,106.09263296854164,105.37565440218792,106.63259336610149,107.34376386850737,108.95803904765393,110.04810187891177,107.43298019075527
2023-01-01,108.34919602008542,107.68356718072711,105.93183888825945,107.37326267711578,110.2833486095204,113.61587077939778,115.31767352805477,108.00286240474604
2023-02-01,108.89221610657694,107.99506671331325,106.3664846009662,107.47353654949654,110.68204886796451,113.86848456787106,115.45317711976304,108.24132351244002
2023-03-01,108.84628324022745,108.34830103986211,106.63111093898863,107.81978191131509,111.0310511586902,113.64560481269335,115.35616045630188,108.69282618956933
2023-04-01,109.49169296471683,108.6392737519178,106.92875566724793,108.04721271982099,111.04123248602065,114.28114571833734,116.23030276822588,108.94427981766461
2023-05-01,109.71842459085326,108.81244566915751,107.17267267014495,108.39919246435201,111.58727170955399,114.45585438777871,116.15364285597887,109.16163255179518
2023-06-01,110.11456646934236,109.19100018766379,107.45630990725543,108.76812320815512,112.02743014188579,114.80832396628038,116.91527853008216,109.58318485212479
2023-07-01,110.28446294151702,109.41475257536209,107.89672029424142,109.01220065876996,112.42782349188283,115.50782477180678,117.68747436134142,109.8643268951327
2023-08-01,110.72140740932825,109.914198592274,108.1896026165512,109.34535833752099,112.79975746513071,115.34321986216143,117.63257649076273,110.13558720945404
2023-09-01,110.92615085668574,110.1587141457535,108.45338740657613,109.70546097202829,112.83788054704505,115.54362332327825,118.36185091771027,110.44751430041404
2023-10-01,111.24941642233127,110.4153291446168,108.66995324520208,109.97307524469657,113.46230954463643,115.90552015504538,118.27172465930637,110.80828966474547
2023-11-01,111.40592556842222,110.78415784734857,109.04366631514316,110.41832309246715,113.62254130355205,116.71487395600076,118.64297303322677,111.07858231217624
2023-12-01,112.06079293207829,111.17681572180376,109.3788900411074,110.71945642108557,114.05872118136959,116.96020723108238,118.76083520668676,111.3582089353225
2024-01-01,113.74536084199691,112.6002164982143,109.97215887565628,111.53492536517653,116.8283675169797,121.00515659529958,124.9217226139342,111.87577231085474
2024-02-01,114.23618551797894,113.02665758052188,110.26698643799932,111.65942647265152,117.17061304820298,121.00763088997202,125.1464891293943,112.22735906537704
2024-03-01,114.42732746484923,113.30928943377232,110.59669438396902,111.9231159700664,117.14436140434631,121.78462541444941,125.49381149183772,112.54594715568538
2024-04-01,114.61797659472406,113.70068072949672,110.91289142133043,112.30941484165118,117.95620940029958,121.68547916777035,125.04949345471718,112.97040221465173
2024-05-01,114.94416940848559,113.99481968645597,111.21937205961781,112.604903822826,118.13961348133937,121.90767359245991,125.45238459933113,113.247422008523
2024-06-01,115.55419846722236,114.42956041323318,111.54344853506375,112.95920691733699,118.27630360657186,122.13954602745656,126.8822389165458,113.60853967989112
2024-07-01,115.67177540782836,114.63574493323296,111.84559804032554,113.11004254026919,118.56511998617722,122.8094843645414,126.28975084119791,113.85721978711321
2024-08-01,115.92709606949121,114.93616817390195,112.08604978540578,113.49855216665914,118.94767101500514,122.74624914925833,126.13926200906963,114.17864424883895
2024-09-01,116.49273403870394,115.07568559658368,112.4610647964141,113.83697035707962,119.21284107919566,123.50816497603796,126.86178642841834,114.60470729964476
2024-10-01,116.56770113893373,115.51577859063795,112.84594620738034,114.22373488914165,119.64984471284028,123.35193456294664,126.99987634000327,114.91435218817713
2024-11-01,117.00094811827097,115.77502756770937,113.12257952606517,114.53604594338917,119.85993197174388,123.70402630842447,128.0558866446721,115.1301827300536
2024-12-01,117.26602640915375,116.15181635093043,113.4208707781214,114.64130399745629,120.33380570055674,124.1600458469254,128.05173048514538,115.39179229964374
